{"name":"b73eb2c6-9f9b-497e-8bb4-12e329dc861a","id":"/providers/Microsoft.Flow/flows/b73eb2c6-9f9b-497e-8bb4-12e329dc861a","type":"Microsoft.Flow/flows","properties":{"apiId":"/providers/Microsoft.PowerApps/apis/shared_logicflows","displayName":"connect to Azure Devops query to alert team members on late tasks","definition":{"metadata":{"workflowEntityId":null,"processAdvisorMetadata":null,"flowChargedByPaygo":null,"flowclientsuspensionreason":"None","flowclientsuspensiontime":null,"flowclientsuspensionreasondetails":null,"creator":{"id":"802fa349-bcfd-4ee9-97b9-67c9b36b27e5","type":"User","tenantId":"d471872f-0d39-4814-be88-82e2dc12c7f6"},"provisioningMethod":"FromDefinition","failureAlertSubscription":true,"clientLastModifiedTime":"2024-12-16T15:18:18.1395972Z","connectionKeySavedTimeKey":"2024-12-16T15:18:18.1395972Z"},"$schema":"https://schema.management.azure.com/providers/Microsoft.Logic/schemas/2016-06-01/workflowdefinition.json#","contentVersion":"1.0.0.0","parameters":{"$authentication":{"defaultValue":{},"type":"SecureObject"},"$connections":{"defaultValue":{},"type":"Object"}},"triggers":{"manual":{"metadata":{"operationMetadataId":"d8187aad-da73-4803-b017-00f92803e173"},"type":"Request","kind":"Button","inputs":{"schema":{"type":"object","properties":{},"required":[]}}}},"actions":{"Get_query_results":{"runAfter":{},"metadata":{"8c01b272-a688-40aa-8054-2bd7782ab58b":"Shared Queries/Late Tasks in Current sprint","operationMetadataId":"9f3c6fef-728c-4b6a-b660-cb5e21430936"},"type":"OpenApiConnection","inputs":{"parameters":{"account":"Abhijit2323","project":"AgileProjectPractice","queryId":"8c01b272-a688-40aa-8054-2bd7782ab58b","workItemsCount":100,"throwIfQueryChanged":true},"host":{"apiId":"/providers/Microsoft.PowerApps/apis/shared_visualstudioteamservices","connectionName":"shared_visualstudioteamservices","operationId":"GetQueryResultsV2"},"authentication":"@parameters('$authentication')"}},"Create_HTML_table":{"runAfter":{"Get_query_results":["Succeeded"]},"metadata":{"operationMetadataId":"01905550-ffa2-4a1c-b705-5e22f334d05d"},"type":"Table","inputs":{"from":"@outputs('Get_query_results')?['body/value']","format":"HTML","columns":[{"header":"Task","value":"@item()?['System']?['Title']"},{"header":"Finish Date","value":"@item()?['Custom']?['FinishDateTask']"},{"header":"Iteration","value":"@item()?['System.IterationPath']"}]}},"Apply_to_each":{"foreach":"@union(variables('Emails'),variables('Emails'))","actions":{"List_rows_present_in_a_table":{"metadata":{"01O4NT5FRSSHTNCDIIEFBJORCODLQV2QKV":"/General/latetasks.xlsx","tableId":"{EA032F96-0E6E-45AB-BE83-8B3C94C27E16}","operationMetadataId":"5e5daa1d-0c7d-4e3c-aee0-97a04a3b827e"},"type":"OpenApiConnection","inputs":{"parameters":{"source":"sites/6z2kfn.sharepoint.com,b4049b1e-34e8-43f7-93fa-571fec8ced01,9ce2fdc5-af19-4a2f-bfe5-967521b04dcc","drive":"b!HpsEtOg090OT-lcf7IztAcX94pwZry9Kv-WWdSGwTcznWMRHEascQLEFCl9gVFBq","file":"01O4NT5FRSSHTNCDIIEFBJORCODLQV2QKV","table":"{EA032F96-0E6E-45AB-BE83-8B3C94C27E16}","$filter":"Email eq '@{items('Apply_to_each')}'"},"host":{"apiId":"/providers/Microsoft.PowerApps/apis/shared_excelonlinebusiness","connectionName":"shared_excelonlinebusiness","operationId":"GetItems"},"authentication":{"value":"@json(decodeBase64(triggerOutputs().headers['X-MS-APIM-Tokens']))['$ConnectionKey']","type":"Raw"}}},"Create_HTML_table__late_assigned_to":{"runAfter":{"List_rows_present_in_a_table":["Succeeded"]},"metadata":{"operationMetadataId":"dc2e53f5-d831-45a4-b4de-65653ba44b0a"},"type":"Table","inputs":{"from":"@outputs('List_rows_present_in_a_table')?['body/value']","format":"HTML","columns":[{"header":"Task","value":"@item()?['Item']"},{"header":"FInishDate","value":"@item()?['Finish Data Task']"},{"header":"Iteration","value":"@item()?['Iteration']"}]}},"Compose":{"runAfter":{"Create_HTML_table__late_assigned_to":["Succeeded"]},"metadata":{"operationMetadataId":"0cb06d90-9699-4def-b3a6-f34db55e48f0"},"type":"Compose","inputs":" <style>\ntable {\nborder:1px solid #b3adad;\nborder-collapse:collapse;\npadding:5px;\n}\ntable th {\nborder:1px solid #b3adad;\npadding:5px;\nbackground: #f0f0f0;\ncolor: #313030;\n}\ntable td {\nborder:1px solid #b3adad;\ntext-align:center;\npadding:5px;\nbackground: #ffffff;\ncolor: #313030;\n}\n</style>\n@{body('Create_HTML_table__late_assigned_to')}"},"Send_an_email_(V2)":{"runAfter":{"Compose":["Succeeded"]},"metadata":{"operationMetadataId":"896585cc-df87-49f2-ab39-b3fad352c02b"},"type":"OpenApiConnection","inputs":{"parameters":{"emailMessage/To":"@first(split( last( split( items('Apply_to_each'), '<' ) ), '>' ) )","emailMessage/Subject":"[Action Required] Azure DevOps Late Tasks ","emailMessage/Body":"<p class=\"editor-paragraph\">Hi,</p><p class=\"editor-paragraph\">Please find the below <b><strong class=\"editor-text-bold\">Late tasks</strong></b> per Iteration found <b><strong class=\"editor-text-bold\">overdue.</strong></b></p><p class=\"editor-paragraph\">Kinldy take appropriate action.<br><br>@{outputs('Compose')}</p><br><p class=\"editor-paragraph\">Regards,</p><p class=\"editor-paragraph\">DevOps Team</p>","emailMessage/Importance":"Normal"},"host":{"apiId":"/providers/Microsoft.PowerApps/apis/shared_office365","connectionName":"shared_office365","operationId":"SendEmailV2"},"authentication":{"value":"@json(decodeBase64(triggerOutputs().headers['X-MS-APIM-Tokens']))['$ConnectionKey']","type":"Raw"}}}},"runAfter":{"Delay":["Succeeded"]},"metadata":{"operationMetadataId":"311433c2-0435-4aa0-b33b-9a4c29bf03a4"},"type":"Foreach"},"Initialize_variable":{"runAfter":{"Create_HTML_table":["Succeeded"]},"metadata":{"operationMetadataId":"04b30756-222e-4496-8bc1-f6cae21fec1e"},"type":"InitializeVariable","inputs":{"variables":[{"name":"Emails","type":"array","value":null}]}},"Add_rows_to_Table":{"foreach":"@outputs('Get_query_results')?['body/value']","actions":{"Add_a_row_into_a_table":{"metadata":{"01O4NT5FRSSHTNCDIIEFBJORCODLQV2QKV":"/General/latetasks.xlsx","tableId":"{EA032F96-0E6E-45AB-BE83-8B3C94C27E16}","operationMetadataId":"6bcdff47-9289-4368-bb5b-bb76d64f2508"},"type":"OpenApiConnection","inputs":{"parameters":{"source":"sites/6z2kfn.sharepoint.com,b4049b1e-34e8-43f7-93fa-571fec8ced01,9ce2fdc5-af19-4a2f-bfe5-967521b04dcc","drive":"b!HpsEtOg090OT-lcf7IztAcX94pwZry9Kv-WWdSGwTcznWMRHEascQLEFCl9gVFBq","file":"01O4NT5FRSSHTNCDIIEFBJORCODLQV2QKV","table":"{EA032F96-0E6E-45AB-BE83-8B3C94C27E16}","item/Item":"@item()?['System.Title']","item/Iteration":"@item()?['System.IterationPath']","item/Email":"@items('Add_rows_to_Table')?['System.AssignedTo']","item/Finish Data Task":"@item()?['Custom.FinishDateTask']"},"host":{"apiId":"/providers/Microsoft.PowerApps/apis/shared_excelonlinebusiness","connectionName":"shared_excelonlinebusiness","operationId":"AddRowV2"},"authentication":{"value":"@json(decodeBase64(triggerOutputs().headers['X-MS-APIM-Tokens']))['$ConnectionKey']","type":"Raw"}}}},"runAfter":{"Apply_to_each_2":["Succeeded"]},"metadata":{"operationMetadataId":"bb19bbc5-72a6-4e4e-b099-e83b5088f62d"},"type":"Foreach"},"Apply_to_each_2":{"foreach":"@outputs('Get_query_results')?['body/value']","actions":{"Append_to_array_variable":{"metadata":{"operationMetadataId":"97fa7523-c493-41ed-840b-e4896f2dbbd6"},"type":"AppendToArrayVariable","inputs":{"name":"Emails","value":"@items('Apply_to_each_2')?['System.AssignedTo']"}}},"runAfter":{"Initialize_variable":["Succeeded"]},"metadata":{"operationMetadataId":"4685aa73-c234-4448-8665-b5594c9e8899"},"type":"Foreach"},"Delay":{"runAfter":{"Add_rows_to_Table":["Succeeded"]},"metadata":{"operationMetadataId":"97e95b40-6f38-4e55-9143-3bf58befabf3"},"type":"Wait","inputs":{"interval":{"count":2,"unit":"Minute"}}},"List_rows_present_in_a_table__to_delete_rows":{"runAfter":{"Apply_to_each":["Succeeded"]},"metadata":{"01O4NT5FRSSHTNCDIIEFBJORCODLQV2QKV":"/General/latetasks.xlsx"},"type":"OpenApiConnection","inputs":{"parameters":{"source":"sites/6z2kfn.sharepoint.com,b4049b1e-34e8-43f7-93fa-571fec8ced01,9ce2fdc5-af19-4a2f-bfe5-967521b04dcc","drive":"b!HpsEtOg090OT-lcf7IztAcX94pwZry9Kv-WWdSGwTcznWMRHEascQLEFCl9gVFBq","file":"01O4NT5FRSSHTNCDIIEFBJORCODLQV2QKV","table":"{EA032F96-0E6E-45AB-BE83-8B3C94C27E16}"},"host":{"apiId":"/providers/Microsoft.PowerApps/apis/shared_excelonlinebusiness","connectionName":"shared_excelonlinebusiness","operationId":"GetItems"},"authentication":{"value":"@json(decodeBase64(triggerOutputs().headers['X-MS-APIM-Tokens']))['$ConnectionKey']","type":"Raw"}}},"loop_delete_rows_in_a_table":{"foreach":"@outputs('List_rows_present_in_a_table__to_delete_rows')?['body/value']","actions":{"Delete_a_row":{"metadata":{"01O4NT5FRSSHTNCDIIEFBJORCODLQV2QKV":"/General/latetasks.xlsx"},"type":"OpenApiConnection","inputs":{"parameters":{"source":"sites/6z2kfn.sharepoint.com,b4049b1e-34e8-43f7-93fa-571fec8ced01,9ce2fdc5-af19-4a2f-bfe5-967521b04dcc","drive":"b!HpsEtOg090OT-lcf7IztAcX94pwZry9Kv-WWdSGwTcznWMRHEascQLEFCl9gVFBq","file":"01O4NT5FRSSHTNCDIIEFBJORCODLQV2QKV","table":"{EA032F96-0E6E-45AB-BE83-8B3C94C27E16}","idColumn":"Email","id":"@items('loop_delete_rows_in_a_table')?['Email']"},"host":{"apiId":"/providers/Microsoft.PowerApps/apis/shared_excelonlinebusiness","connectionName":"shared_excelonlinebusiness","operationId":"DeleteItem"},"authentication":{"value":"@json(decodeBase64(triggerOutputs().headers['X-MS-APIM-Tokens']))['$ConnectionKey']","type":"Raw"}}}},"runAfter":{"List_rows_present_in_a_table__to_delete_rows":["Succeeded"]},"type":"Foreach"}},"outputs":{}},"connectionReferences":{"shared_visualstudioteamservices":{"connectionName":"shared-visualstudiot-fd287c54-96e0-4491-88ff-d080a256a480","source":"Embedded","id":"/providers/Microsoft.PowerApps/apis/shared_visualstudioteamservices","tier":"NotSpecified","apiName":"visualstudioteamservices"},"shared_excelonlinebusiness":{"connectionName":"shared-excelonlinebu-4e7aa07c-f90c-4c11-9fd9-d6ef028f026d","source":"Invoker","id":"/providers/Microsoft.PowerApps/apis/shared_excelonlinebusiness","tier":"NotSpecified","apiName":"excelonlinebusiness"},"shared_office365":{"connectionName":"shared-office365-7075b0c4-8505-47e4-9397-acdbccdee48b","source":"Invoker","id":"/providers/Microsoft.PowerApps/apis/shared_office365","tier":"NotSpecified","apiName":"office365"}},"flowFailureAlertSubscribed":false,"isManaged":false}}